-- MySQL dump 10.13  Distrib 5.7.20, for Win64 (x86_64)
--
-- Host: localhost    Database: bookstore
-- ------------------------------------------------------
-- Server version	5.7.20

/*!40101 SET @OLD_CHARACTER_SET_CLIENT=@@CHARACTER_SET_CLIENT */;
/*!40101 SET @OLD_CHARACTER_SET_RESULTS=@@CHARACTER_SET_RESULTS */;
/*!40101 SET @OLD_COLLATION_CONNECTION=@@COLLATION_CONNECTION */;
/*!40101 SET NAMES utf8 */;
/*!40103 SET @OLD_TIME_ZONE=@@TIME_ZONE */;
/*!40103 SET TIME_ZONE='+00:00' */;
/*!40014 SET @OLD_UNIQUE_CHECKS=@@UNIQUE_CHECKS, UNIQUE_CHECKS=0 */;
/*!40014 SET @OLD_FOREIGN_KEY_CHECKS=@@FOREIGN_KEY_CHECKS, FOREIGN_KEY_CHECKS=0 */;
/*!40101 SET @OLD_SQL_MODE=@@SQL_MODE, SQL_MODE='NO_AUTO_VALUE_ON_ZERO' */;
/*!40111 SET @OLD_SQL_NOTES=@@SQL_NOTES, SQL_NOTES=0 */;

--
-- Table structure for table `book_info`
--

DROP TABLE IF EXISTS `book_info`;
/*!40101 SET @saved_cs_client     = @@character_set_client */;
/*!40101 SET character_set_client = utf8 */;
CREATE TABLE `book_info` (
  `book_id` int(10) NOT NULL AUTO_INCREMENT,
  `book_name` char(80) NOT NULL,
  `book_author` char(20) NOT NULL,
  `book_price` float NOT NULL,
  `book_desc` char(200) DEFAULT NULL,
  `book_category` int(10) DEFAULT NULL,
  PRIMARY KEY (`book_id`),
  KEY `book_category` (`book_category`),
  CONSTRAINT `book_info_ibfk_1` FOREIGN KEY (`book_category`) REFERENCES `category_info` (`category_id`)
) ENGINE=InnoDB AUTO_INCREMENT=362 DEFAULT CHARSET=utf8;
/*!40101 SET character_set_client = @saved_cs_client */;

--
-- Dumping data for table `book_info`
--

LOCK TABLES `book_info` WRITE;
/*!40000 ALTER TABLE `book_info` DISABLE KEYS */;
INSERT INTO `book_info` VALUES (1,'解忧杂货店','东野圭吾',27.3,'《白夜行》后 东野圭吾倍受欢迎作品 不是推理小说 却更扣人心弦 获2014年度中国影响力图书大奖',1),(2,'S.忒修斯之船（简体中文典藏复刻版）','J.J.艾布拉姆斯',126,'抖音12万点赞推荐，口碑再度发酵，初版上市30万册一抢而空，内含特意做旧的古书《忒修斯之船》和23个奇异附件，2016烧脑神书，颠覆阅读体验！挑战纸书可能性的冒险。亦作忒休斯之船。',1),(3,'恶意（2016版）','东野圭吾',35.2,'与《白夜行》《嫌疑人X的献身》《解忧杂货店》并称东野圭吾四大杰作。无边的恶意深不见底，有如万丈深渊，让人不寒而栗。读完《恶意》，才算真正认识东野圭吾！',1),(4,'嫌疑人X的献身','东野圭吾',26.3,'纯粹的爱情+完美的诡计',1),(5,'东野圭吾:时生（2015版）','东野圭吾',35.2,'读了《解忧杂货店》意犹未尽的话，来读《时生》吧，会给你更多温暖与感动 日文版销量突破100万册',1),(6,'长安十二时辰（上下共两册）','马伯庸',55.7,'文字鬼才马伯庸新长篇。突破真实与虚构界限 打造令人窒息的历史悬疑巨制。揭秘不为人知的十二时辰。',1),(7,'盗墓笔记（1-8六周年纪念版全套共9册）（同名电影已于2016年暑期档震撼播出）','南派三叔',210.3,'',1),(8,'白夜行（2017版）','东野圭吾',44.7,'与《嫌疑人X的献身》《恶意》《解忧杂货店》并称为东野圭吾四大杰作，中文版销量超450万册。',1),(9,'祈祷落幕时','东野圭吾',29.6,'东野圭吾感人至深的亲情力作 荣获2014年吉川英治文学奖 随书附赠主题书签',1),(10,'东野圭吾:新参者(2016版)','东野圭吾',35.2,'东野圭吾代表作作品 一个靠逻辑无法破解的案子',1),(11,'分身','东野圭吾',35.2,'东野圭吾情感悬疑杰作，写尽人性的黑暗与美丽。这本推理小说了不起！排行榜年度10佳小说。随书附赠主题书签！',1),(12,'东野圭吾：伽利略的苦恼','〔日〕东野圭吾',33.8,'东野圭吾经典小说，讲述发生在《嫌疑人X的献身》和《圣女的救济》之间的故事，上市一周即与《圣女的救济》一起包揽日本三大图书榜前2名。一切合乎逻辑的事情都难不倒“神探伽利略”，还有什么能让他苦恼？',1),(13,'圣女的救济','东野圭吾',33.8,'东野圭吾经典长篇小说，比《嫌疑人X的献身》更出人意料、更难破解，随书附赠限量主题拼图，插画师少年吴大绘制，赠完即止',1),(14,'东野圭吾：大雪中的山庄','〔日〕东野圭吾',26.3,'东野圭吾长篇小说杰作，从充满悬念的事件中写出人性的黑暗与美好。一出没有剧本的舞台剧，为什么能让七个演员赌上全部人生？',1),(15,'幻夜（2013年版）','东野圭吾',27.3,'《白夜行》姊妹篇，东野圭吾“绝望之书”第二弹',1),(16,'东野圭吾:侦探俱乐部(2015版)','东野圭吾',24,'东野圭吾经典本格推理 五起离奇命案接连发生，一对神秘男女介入调查，牵出一个深不可测的侦探俱乐部 松下奈绪主演同名日剧',1),(17,'放学后（2013年版）','东野圭吾',21.5,'东野圭吾成名作，优势获江户川乱步奖，荣获第31届江户川乱步奖',1),(18,'奇迹','是枝裕和',23.8,'图书文娱年中购物节自营图书每满150减50立即抢购',1),(19,'宿命（2014版）','东野圭吾',28.5,'东野圭吾创作生涯转型力作，藤木直人、柏原崇主演同名日剧，中文版系列销量突破600万册！',1),(20,'消失的女孩','柯熙·卓安',20,'堪比《别相信任何人》的人性救赎力作，超过瘾小说版《犯罪心理》。欧美数十位畅销书作家强烈推荐！CBS重金打造同名美剧！',1),(21,'流星之绊','东野圭吾',40.1,'日本连续56天平均每15秒售出1本，破东野圭吾小说销售纪录，日本年度小说，纪伊国屋排行榜，获第43届新风奖，二宫和也、户田惠梨香主演同名日剧囊括8项大奖',1),(22,'虚无的十字架','东野圭吾',31.8,'《白夜行》后，东野圭吾刺痛人心的代表作。',1),(23,'东野圭吾：拉普拉斯的魔女','东野圭吾',28.4,'东野圭吾的人性实验室，《解忧杂货店》之后，回归推理之作。 角川书店70周年、东野圭吾作家生涯30周年纪念作品。 东野圭吾：“我想摧毁自己以前写的小说，于是，这部作品就此诞生。”',1),(24,'无人生还（精装纪念版）','阿加莎·克里斯蒂',26.3,'开创童谣杀人和孤岛模式 古典推理的不朽名作',1),(25,'丹·布朗作品系列：本源','丹·布朗',40.6,'《达·芬奇密码》作者，世界级畅销书作家、智性悬疑小说大师——丹·布朗新作，它会看得你怀疑自我，感觉自己的智商值像头皮屑一样往下掉',1),(26,'阿加莎·克里斯蒂作品10：无人生还','阿加莎·克里斯蒂',21,'开创童谣杀人和孤岛模式 古典推理的不朽名作，销售记录超过一亿册，被改编为二十部影视剧 同名话剧七十年常演不衰',1),(27,'疾风回旋曲','东野圭吾',19.5,'',1),(28,'盗墓笔记1：七星鲁王宫（修订版）','南派三叔',22.5,'《盗墓笔记》全新修订版 中国盗墓诡异秘闻：大树中的青铜古棺',1),(29,'告白','湊佳苗',29.4,'日本销量逾340万部，推理小说经典必读。日本当红推理小说家湊佳苗成名之作。著名翻译家竺家荣全新译本，精装典藏版。极善与极恶，只在一念之间。',1),(30,'盗墓笔记2：秦岭神树（修订版）','南派三叔',23.8,'诡影重重：雪墓千古之谜',1),(31,'名侦探的守则','东野圭吾',28.6,'东野圭吾长篇小说杰作，没想到你竟是这样的东野圭吾，黑起人来连自己都不放过！在《白夜行》的冷峻、《解忧杂货店》的温情之外，居然还能写出这样犀利幽默又解压的小说',1),(32,'盗墓笔记3：云顶天宫（修订版）','南派三叔',23.8,'《盗墓笔记》全新修订版 直逼死亡的惊险大穿越：云顶天宫秘境',1),(33,'盗墓笔记4：蛇沼鬼城（修订版）','南派三叔',23.2,'《盗墓笔记》全新修订版 闷油瓶归来：寻找西王母国',1),(34,'盗墓笔记6：阴山古楼（修订版）','南派三叔',23.5,'全新修订版，水下的千年瑶寨：魔湖九死一生。',1),(35,'东野圭吾:红手指(2016版)','东野圭吾',29.6,'把东野圭吾的姐姐看哭了的小说 两大推理小说榜年度10佳',1),(36,'浪花少年侦探团','东野圭吾',25.3,'你今天的心情不好吗？读完东野圭吾的这本书，一定会好起来！这样元气满满的可爱女生，在东野圭吾其他小说中从未有过。',1),(37,'盗墓笔记8（下）','南派三叔',23.5,'《盗墓笔记》收官之作，全盘托出张家古楼隐藏的所有秘密，揭秘前七本《盗墓笔记》埋下的全部谜团，一次讲清楚令千万盗墓迷念念不忘的所有人物的命运走向！',1),(38,'盗墓笔记7：邛笼石影（修订版）','南派三叔',23.4,'《盗墓笔记》全新修订版 超后的盛宴开始，吴邪的反击：邛笼石影',1),(39,'盗墓笔记8（上）','南派三叔',23.6,'《盗墓笔记》收官之作，全盘托出张家古楼隐藏的所有秘密，揭秘前七本《盗墓笔记》埋下的全部谜团，一次讲清楚令千万盗墓迷念念不忘的所有人物的命运走向！',1),(40,'盗墓笔记5：迷海归巢','南派三叔',23.4,'鬼城魅影：谁在如影随形',1),(41,'福尔摩斯探案全集（套装共3册完整修订全译本）','柯南·道尔',58.8,'图书文娱年中购物节自营图书每满150减50立即抢购',1),(42,'东方快车谋杀案（精装纪念版）','阿加莎·克里斯蒂',28.5,'1节豪华车厢+ 1名死者+12名嫌疑人=阿加莎负盛名的作品“这列火车真是座无虚席啊！”',1),(43,'阿加莎·克里斯蒂作品04:东方快车谋杀案','阿加莎·克里斯蒂',19.5,'全新版阿加莎·克里斯蒂作品集 内附阿婆遗产继承人手写序言',1),(44,'恋爱的贡多拉','东野圭吾',25.2,'东野圭吾与众不同的恋爱推理：你以为的天作之合，也许只是同床异梦',1),(45,'半落','横山秀夫',27.9,'和东野圭吾的《恶意》共同改变了日本推理小说的走向，鹦鹉史航推荐。',1),(46,'阿加莎·克里斯蒂作品02:罗杰疑案','阿加莎·克里斯蒂',21,'全新版阿加莎·克里斯蒂作品集 内附阿婆遗产继承人手写序言',1),(47,'幸存者','秦明',28.8,'畅销百万册法医秦明系列第五季（尸语者、无声的证词、第十一根手指、清道夫），超人气原创悬疑品牌，真实！专业！隐秘！震撼！张若昀、焦俊艳主演法医秦明系列网剧现已火爆开启！ 随书附赠限量珍藏版书签！',1),(48,'阿加莎·克里斯蒂作品11:尼罗河上的惨案','阿加莎·克里斯蒂',21.8,'一个精巧的谜题，一段旖旎的风光，一曲爱情的挽歌',1),(49,'藏地密码：唐卡典藏版大全集（套装共10册）','何马',212,'图书文娱年中购物节自营图书每满150减50立即抢购',1),(50,'村上春树：图书馆奇谈','村上春树',26.3,'村上春树悬疑新作，带给你狂野村上的新鲜感',1),(51,'变身（2016版）','东野圭吾',25.3,'东野圭吾灵光闪现作品，写透人性挣扎与爱情美好，苍井优、玉木宏主演同名电影原著小说，日文版销量突破125万',1),(52,'白银杰克','东野圭吾',29.9,'日本推理天王东野圭吾  本格推理绝妙力作  日本大卖120万册！',1),(53,'东野圭吾：秘密（无删节精装典藏版）','东野圭吾',40.1,'东野圭吾经典长篇小说，创作生涯里程碑，日本读者票选东野作品第 2名，仅次于《白夜行》，全新译本精装典藏，无任何删节。这是一个只有两个人的三口之家，他们必须保守这个秘密。',1),(54,'阿加莎·克里斯蒂作品08:ABC谋杀案','阿加莎·克里斯蒂',21,'影响多位侦探小说大师的教科书级作品 入选“波洛四大奇案”， “列车三部曲”之终曲',1),(55,'福尔摩斯探案全集（珍藏版套装共6册）','阿瑟·柯南道尔',83.9,'',1),(56,'余罪：我的刑侦笔记(第一季)（套装1-5册）','常书欣',137.8,'图书文娱年中购物节自营图书每满150减50立即抢购',1),(57,'东野圭吾：假面前夜+假面饭店（套装共2册）','东野圭吾',49.8,'图书文娱年中购物节自营图书每满150减50立即抢购',1),(58,'金色梦乡','〔日〕伊坂幸太郎',44.1,'一部奇迹般的小说，带给人活下去的勇气、希望和信心，再黑暗的地方也能成为金色梦乡！伊坂幸太郎集大成之作，获日本书店大奖。',1),(59,'风雪追击','东野圭吾',27.5,'如果有一天，毫无征兆地被指控为凶手，你能怎么办？',1),(60,'清道夫','秦明',21.2,'畅销50万册“法医秦明”系列（尸语者、无声的证词、第十一根手指）第四季。真实！专业！隐秘！震撼！每一秒，都让你细思恐极。 “法医秦明”网络剧2015重磅启动！',1),(61,'肯·福莱特世纪三部曲：《巨人的陨落》《世界的凛冬》《永恒的边缘》','肯·福莱特',383.5,'全球读者平均3个通宵读完的超级小说！火遍全球的20世纪人类史诗。我亲眼目睹，每一个迈向死亡的生命都在热烈地生长。首次登陆中国。',2),(62,'大明王朝1566（套装上下册）','刘和平',34.3,'图书文娱年中购物节自营图书每满150减50立即抢购',2),(63,'大秦帝国（礼盒套装共17册）','孙皓晖',427.5,'修订基础上再升级，阅读体验更佳！央视热播电视剧原著全新典藏礼盒装，赠进阶手册。具有广泛影响力的历史小说，南怀瑾、二月河等推荐。社会精英启示录，政商必读。',2),(64,'二月河文集（全新修订精装典藏版康熙大帝雍正皇帝乾隆皇帝套装全13卷）','二月河',523.5,'中国当代历史小说创作之里程碑 写尽前清三代帝王治国御人之术 。全新修订 作者手绘书签 随机赠送《朱元璋》',2),(65,'曾国藩（全三册）','唐浩明',67.1,'2017全新修订版，唐浩明亲自更正百余处细节，中纪委干部必读书目',2),(66,'大秦帝国点评本（套装共11册）','孙皓晖',361,'央视一套热播剧原著小说；点评、注释、精美插图本，荣获中宣部“五个一工程”入选作品奖，畅销长篇历史小说。南怀瑾、二月河亲切推荐。',2),(67,'曾国藩（全三册）','唐浩明',61.7,'图书文娱年中购物节自营图书每满150减50立即抢购',2),(68,'康熙大帝（全四册）二月河文集系列','二月河',79.6,'',2),(69,'雍正皇帝（全三册）二月河文集系列','二月河',64.6,'“二月河的意思我听懂了，因为我了解他比他了解我多。他写的‘帝王系列’我认真看了，看了他的书就能读懂他。”',2),(70,'德川家康（第一辑）：崛起三河（套装共4册）','山冈庄八',110.3,'权书史书商书三书合一 平均每个日本人手中有3册《德川家康》',2),(71,'慈禧全传（全十册）','高阳',354.2,'一部将改变你人生格局的史诗巨著',2),(72,'三国机密：全2册','马伯庸',63.7,'晒单得好礼，文字鬼才马伯庸实力代表作，新增序言全新修订版。一个永远无法公开的故事，一场诡谲迭起的三国暗战。在真实历史的缝隙间闪转，历数三国诸子风起云涌的激烈暗战',2),(73,'德川家康第三辑:王道无敌（套装共5册）','山冈庄八',173.6,'全5册 权书史书商书三书合一 平均每个日本人手中有3册《德川家康》 并附赠独版书签',2),(74,'大唐李白·将进酒','张大春',29.3,'图书文娱年中购物节自营图书每满150减50立即抢购',2),(75,'德川家康第二辑:双雄罢兵（套装共4册）','山冈庄八',117,'权书史书商书三书合一，平均每个日本人手中有3册《德川家康》，并附赠独版书签',2),(76,'茅盾文学奖获奖作品：金瓯缺（套装全4卷）','徐兴业',134.1,'独jia赠送刘旦宅插图画笺；当代口碑较好的历史小说，被誉为“中国版《战争与和平》”；国画大家刘旦宅23幅插图；书籍设计大师吕敬人先生指导设计；著名作家二月河先生、孙皓晖先生联合推荐。',2),(77,'乾隆皇帝（全六册）二月河文集系列','二月河',135,'“二月河的意思我听懂了，因为我了解他比他了解我多。他写的‘帝王系列’我认真看了，看了他的书就能读懂他。”',2),(78,'胡雪岩/长篇历史小说经典书系','二月河',29.6,'品其经商绝学，观其历史宿命。官商两界长袖善舞，恨海情天游刃有余。写不尽的跌宕起伏，和不完的苍凉史诗。为官须看《曾国藩》，为商必读《胡雪岩》。',2),(79,'迷宫中的将军','加西亚·马尔克斯',29.6,'马尔克斯长篇力作首次正式出版！翻译家王永年经典译文！这本写玻利瓦尔的文学经典如南美洲一样不朽！',2),(80,'历朝通俗演义（赠《西太后演义》买12赠1套装共13册）','蔡东藩',268.3,'蔡东藩自批自评全本，35年会文堂铅印版简体本。民国的“明朝那些事儿”，从秦朝到民国，史料更严谨，语言更简洁！',2),(81,'敦煌（2014版）','井上靖',18.1,'无数读者奔赴敦煌莫高窟，惊天动地讲述藏经洞千古之谜',2),(82,'大唐李白（二）·凤凰台','张大春',29.3,'',2),(83,'大秦帝国点评本（京东特别收藏版含收藏证）','孙皓晖',365.9,'央视一套热播剧原著小说；点评、注释、精美插图本，荣获中宣部“五个一工程”入选作品奖，畅销长篇历史小说。南怀瑾、二月河亲切推荐',2),(84,'生存与命运','瓦西里·格罗斯曼',73.4,'梁文道倾力推荐 ：这是我特别想给观众们介绍的一本书！一部应该被人类长久记忆的伟大著作，欧美公认“当代的《战争与和平》”，又译为《生活与命运》',2),(85,'二月河文集（全十三卷，《康熙大帝》《雍正皇帝》《乾隆皇帝》）','二月河',308.1,'',2),(86,'武士会','徐皓峰',26,'',2),(87,'大谋小计五十年：诸葛亮传（珍藏版大全集套装共5册）','若虚',141.2,'有史以来非常一部完整讲述诸葛亮传奇一生的长篇史诗。为您还原一个有血有肉，真情实感的诸葛亮。历经20年的呕心之作！2014年畅销历史小说！',2),(88,'大唐李白：少年游','张大春',29.3,'李白，改变了唐诗，却错过了时代；而整个大唐，又怎么错过了他？一个身为星宿、发为仙音，却只剩下名字的诗人；一个号称盛世，却以虚荣摧残着诗的时代',2),(89,'波斯少年','玛丽·瑞瑙特',30.7,'玛丽·瑞瑙特 公认代表作“亚历山大三部曲”第二部，传奇王者，活在这位少年爱的凝视中。美国总统肯尼迪、传奇作家张爱玲、英国布克奖得主、《狼厅》作者希拉里·曼特尔的挚爱作家',2),(90,'大明王朝（1566套装上下册）','刘和平',67.3,'大明王朝一场惊心动魄的打虎大戏！《雍正王朝》编剧、《北平无战事》作者刘和平巅峰之作，揭秘中国传统政治儒道互补的运作规律',2),(91,'汉武大帝（套装全三册）/长篇历史小说经典书系','杨焕亭',79.6,'他建立了一个国家前所未有的尊严，他给了一个族群挺立千秋的自信，他塑造了一个民族奋起图强的伟大时代，他开创了一段留传千古的帝国传奇，他的国号成了一个民族永远的名字。明犯强汉者，虽远必诛！',2),(92,'春秋战国：全三册（长篇历史小说经典书系）','胡晓明',77.7,'全新修订珍藏版。看风云际会，春秋五霸争问鼎；看纵横捭阖，战国七雄竞逐鹿。伟大的人物，铸就伟大的时代！春秋的思想、战国的计谋，至今依然深刻地影响着每一个中国人的思维方式和生活习惯。',2),(93,'大金王朝·卷二：降龙的骑士','熊召政',33,'',2),(94,'武则天（套装全三册）','杨焕亭',90,'​颠覆男权的智慧，问鼎天下的果决，辉煌背后的孤独，饱受争议的女皇心计，惊心呈现。说不完的壮怀激烈，道不尽的叱咤风云。人生有跌宕起伏，有爱恨情仇，但谁也不能操控强者的命运！',2),(95,'国盗物语·斋藤道三（前编、后编）','司马辽太郎',55.5,'',2),(96,'雍正王朝（套装上下册）','刘和平',66,'开中国历史正剧之先河，《北平无战事》作者刘和平成名作，一本书让你看懂中国历史两千年',2),(97,'最后一个匈奴','高建群',27,'',2),(98,'张居正（全4册）','熊召政',104.7,'如果有一本书能代言张居正，那么一定是这本！对张居正全面、公正的解读||被作者评价为“一本自己死后垫后脑勺的书”  　　',2),(99,'左宗棠（套装全2册）/长篇历史小说经典书系','张鸿福',52.3,'全新修订珍藏版。帝国不屈的鹰派、晚清不垮的脊梁，中国不可一日无湖南，湖南不可一日无左宗棠。',2),(100,'曾国藩（套装全三册）/长篇历史小说经典书系','唐浩明',65,'中纪委推荐阅读的历史人物传记；受中央国家干部欢迎的10本书之一。获首届姚雪垠长篇历史小说奖；入选《亚洲周刊》20世纪中文小说100强。',2),(101,'晚清三部曲：曾国藩（套装上中下册）','唐浩明',69.5,'从晚清重臣之浮沉看中华国运之兴衰，知古鉴今，继往开来，人民文学出版社出版',2),(102,'曾国藩:全3册(修订版)','唐浩明',71.6,'读曾国藩，悟政商之道，品人生得失；唐浩明亲自修改，全新读本，堪称人生哲学殿堂级教科书',2),(103,'雍正皇帝评注本（套装共3册）','二月河',93.1,'王岐山对话二月河：“二月河的意思我听懂了，因为我了解他比他了解我多。他写的‘帝王系列’我认真看了，看了他的书就能读懂他。”',2),(104,'崇祯大传奇（套装全3册，作家榜重磅推荐）','晏青',90.8,'失败的经验比成功的经验更重要！揭开传奇皇帝崇祯掌权、用权、失权的全部细节！导演尤小刚亲笔作序隆重推荐！政商必读！创业必读！历史爱好者必读！横扫京东小说热卖榜！读者满分推荐！限时秒杀！',2),(105,'大唐明月（套装全6册）','蓝云舒',98.3,'看完《大唐明月》，再无唐穿可看。一读《明月》误终身，不看《明月》悔终生!!',2),(106,'葬礼竞技会','玛丽·瑞瑙特',25.2,'玛丽·瑞瑙特 公认巅峰巨作“亚历山大三部曲”第三部，阴谋与陷阱，复仇与角力，在这里同台竞技。亚历山大大帝去世之后的帝国，正面临分崩离析的命运。美国总统肯尼迪、传奇作家张爱玲、英国布克奖得主、《狼厅》作者希拉里·曼特尔的挚爱作家',2),(107,'大宋王朝（套装全三册）（长篇历史小说经典书系）','颜廷瑞',70.9,'获姚雪垠长篇历史小说奖  写尽一个时代的繁华与沧桑',2),(108,'司马辽太郎作品选：马上少年过','司马辽太郎',21.6,'日本历史小说名家司马辽太郎，一笔写尽少年的轻狂，英雄的悲伤',2),(109,'李鸿章（套装全3册）/长篇历史小说经典书系','张鸿福',81.1,'晚清四大中兴名臣之一，十九世纪世界三大名人之一。被称为晚清改革的“总设计师”、东方的“俾斯麦”。为官从政、为人处世必读经典。',2),(110,'楼兰','井上靖',18.1,'',2),(111,'战神卫青（套装上下册）','杨永峰',50.7,'从奴隶到将军的传奇将军成长实录     朝堂权谋  励志崛起 正气与正义的赞歌',2),(112,'功名十字路（上、下册）','司马辽太郎',50.6,'同名NHK大河剧原作，乱世中步步惊心的伉俪情深。',2),(113,'狼厅','希拉里·曼特尔',38.4,'',2),(114,'源义经：镰仓战神','司马辽太郎',39.6,'司马辽太郎再现日本名将、英雄人物源义经的绚丽人生, 连续再版40余年，日本销售800万册，中文繁体版畅销十余年.',2),(115,'曾国藩：唐浩明晚清三部曲作家社珍藏本（套装全3册）','唐浩明',76.8,'唐浩明晚清三部曲 荣获首届姚雪垠长篇历史小说奖 中纪委推荐干部必读书目 宗庆后、柳传志、白岩松鼎力推荐 修身、齐家、经世、治国之典范 政商必读书 赠梁启超编录《曾国藩嘉言钞》',2),(116,'一个更安全的地方（套装上下册）','希拉里·曼特尔',77.1,'媲美大仲马和狄更斯，两届布克奖得主,《狼厅》《提堂》作者希拉里·曼特尔的扛鼎之作,现代笔触重现法国大革命风起云涌，庞大野心实现文学与历史联姻',2),(117,'井上靖：孔子（2014年版)','井上靖',23.1,'日本文学大师井上靖毕生压轴杰作，获野间文艺奖，被誉为“历史小说明珠”',2),(118,'春秋战国（套装共三卷）','高兴宇',115.7,'',2),(119,'风起陇西：新版','马伯庸',33.6,'文字鬼才马伯庸成名代表作，出版十年初心修订。史实留下许多空隙，可以用无数可能性去填满。',2),(120,'曾国藩三部曲（血祭+野焚+黑雨）（套装共3册）（新版）','唐浩明',119.1,'',2),(121,'霍乱时期的爱情(2015版)','加西亚·马尔克斯',44.1,'中文版销售超过100万册！“人类有史以来很伟大的爱情小说！”',3),(122,'无声告白　【荐书联盟推荐】','伍绮诗',24.8,'图书文娱年中购物节自营图书每满150减50立即抢购',3),(123,'一个人的朝圣（新版）','蕾秋·乔伊斯',24.4,'欧洲首席畅销小说，入围2012年布克文学奖。2014-2016京东图书文学年度总榜Top5，全球销量超400万册，中文版累计销量过150万册。这一年，我们都需要哈罗德安静而勇敢的陪伴。',3),(124,'寻找时间的人','凯特.汤普森',22.5,'与《追风筝的人》《偷书贼》共同荣获美国年度读物。斩获十二项国际大奖的畅销巨作！迪丽热巴诚意推荐！一部关于成长、亲情，还有不断消失的传统的颂歌。',3),(125,'乖，摸摸头','大冰',28.8,'百万级畅销书《阿弥陀佛么么哒》作者大冰作品，真实的故事自有万钧之力，讲给你听，12个不舍得读完的暖心传奇故事。2016年大冰新书《好吗好的》现已开始火热预售。',3),(126,'阿弥陀佛么么哒','大冰',30.4,'百万级畅销书《乖，摸摸头》作者大冰作品，真实的故事自有万均之力，12个不舍得读完的真实的江湖故事。阿弥陀佛么么哒！2016年大冰新书《好吗好的》现已开始火热预售。',3),(127,'好吗好的（随机赠送大冰有声书签，大冰暖声为你讲故事！）','大冰',31.2,'百万级畅销书《乖，摸摸头》《阿弥陀佛么么哒》2016年大冰新书。',3),(128,'外婆的道歉信（马思纯倾情推荐赠手写信）','弗雷德里克·巴克曼',31.5,'外婆说，要大笑，要做梦，要与众不同。人生是一场伟大的冒险。随书附赠一封神秘道歉信，读完故事之前绝不要打开。',3),(129,'爱情和其他魔鬼','加西亚·马尔克斯',26.3,'同《百年孤独》《霍乱》合称“马尔克斯受欢迎三大长篇”',3),(130,'一个人的朝圣（套装共2册京东专供）','蕾秋·乔伊斯',49,'2013-2015年全球首席热销书，布克奖入围作品，献给每次对生活的胜利，对悲伤的疗愈，对爱的唤回，牛皮纸盒套装，值得珍藏',3),(131,'浮生梦','达芙妮·杜穆里埃',28.1,'图书文娱年中购物节自营图书每满150减50立即抢购',3),(132,'一个人的朝圣2：奎妮的情歌','蕾秋·乔伊斯',26.4,'2013-2015年超级畅销书，布克奖入围作品《一个人的朝圣》相伴之作。献给每一次对生命微小瞬间的朴素歌唱，对自我的照见，对爱的回归。',3),(133,'大冰京东套装：么么哒+摸摸头+好吗好的+我不（套装共4册）','大冰',106.4,'‘大冰限量签名版随机发货’，百万级畅销书《乖，摸摸头》作者大冰作品全记录，真实的故事自有万钧之力',3),(134,'她和他','马克·李维',26.1,'《偷影子的人》作者马克·李维重磅新作，法国连续60周在榜，销量突破120万册',3),(135,'倾城之恋','张爱玲',23,'张爱玲全集02，2012年全新修订版',3),(136,'大冰新畅销作品（套装共2册）','大冰',52.2,'《乖，摸摸头》作者大冰2015新书！真实的故事自有万均之力，12个不舍得读完的真实江湖故事，让你相信，这个世界上真的有人在过着你想要的生活：既可以朝九晚五，又能够浪迹天涯！阿弥陀佛么么哒！',3),(137,'遥远的救世主','豆豆',24.8,'根据本书改编的电视剧《天道》正在全国掀起极大反响',3),(138,'京华烟云：全2册（纪念典藏版）','林语堂',44,'林语堂久负盛名之作，关于近现代中国社会经典写照，林语堂逝世40周年纪念典藏版',3),(139,'萤火虫小巷','克莉丝汀·汉娜',22.5,'萤火虫小巷（媲美《世界上的另一个你》《无声告白》的畅销巨作）。一部描写友谊及人生的史诗巨作，人生是一段孤独旅程，但我遇见了你。你不是我，却又像世界上的另一个我',3),(140,'情人','玛格丽特·杜拉斯',19.7,'杜拉斯代表作 王道乾经典译著',3),(141,'单恋（2016版）','东野圭吾',27.1,'东野圭吾令人动容的长篇小说杰作，质疑世俗评判标准，关怀现代人焦虑不安的灵魂。和自己真正达成和解，这一生才能活得心安。',3),(142,'挪威的森林','村上春树',37.8,'村上春树影响几代读者的畅销名作。离乡背井的大学生在两个少女间的徘徊。彻头彻尾的现实笔法，特有的感伤和孤独气氛，回顾逝去的风景。',3),(143,'房思琪的初恋乐园','林奕含',32.1,'李银河、戴锦华、张悦然、蒋方舟、冯唐等郑重推荐！ 打动万千读者的年度华语小说。简体版正式授权！尊重作者版权请购买正版！',3),(144,'译文经典：情人','玛格丽特·杜拉斯',23.6,'',3),(145,'半生缘','张爱玲',23.7,'张爱玲全集04，2012年全新修订版。',3),(146,'朗读者（纪念版）','本哈德·施林克',21,'首部登上《纽约时报》畅销榜首的德语小说，奥斯卡奖封后之作',3),(147,'一个叫欧维的男人决定去死（新版）','费雷德里克·巴克曼',28.4,'同名电影提名第89届奥斯卡ZUI佳外语片，温暖席卷44国  全球销量超过730万册，美国亚MA逊总榜Top5，豆瓣网友9.1高分推荐，连续70周蝉联《纽约时报》畅销书榜。',3),(148,'小小小小的火','伍绮诗',37.7,'图书文娱年中购物节自营图书每满150减50立即抢购',3),(149,'岛','维多利亚·希斯洛普',24.9,'令整个欧洲潸然泪下的生死悲欢',3),(150,'情书','岩井俊二',22.3,'岩井俊二唯美清新的小说',3),(151,'让我留在你身边','张嘉佳',27.1,'张嘉佳全新作品，《从你的全世界路过》之后暖心睡前故事',3),(152,'毛姆经典作品：面纱','毛姆',21.4,'入选牛津大学图书馆中文版，女性精神觉醒的经典读本！马尔克斯、村上春树、张爱玲、奈保尔一致推崇。根据兰登书屋典藏本翻译，年轻译者田伟华倾注700个日夜精心翻译，既尊重原文，又符合现代阅读口味。',3),(153,'围城','钱钟书',27.9,'初版近七十年，新时期以前无人问津，于今出版三十年来，横贯常销畅销小说之首，至今每年依然几十万销量。',3),(154,'廊桥遗梦（纪念版）（中英双语对照）','罗伯特·詹姆斯·沃勒',21.8,'',3),(155,'你若懂我，该有多好：让人心痛又感动的故事','贾九峰',26.8,'没有深夜痛哭过的人不足以谈爱情。痴情大叔讲述让人心痛又感动的故事。喜欢张嘉佳、刘同、龙应台、张小娴、张爱玲、三毛、柴静、安妮宝贝、严歌苓、毕淑敏、苏小懒、辛夷坞、顾漫、辉姑娘的人读此书有惊喜',3),(156,'格林文集：恋情的终结（精装典藏版）','格雷厄姆·格林',43.2,'图书文娱年中购物节自营图书每满150减50立即抢购',3),(157,'严歌苓经典文集：陆犯焉识','严歌苓',22.8,'严歌苓经典文集，张艺谋电影《归来》原著小说',3),(158,'我还是想你，妈妈','S.A.阿列克谢耶维奇',32.4,'2015年诺贝尔文学获奖者力作。作者名也译作亚历塞维奇、斯维拉娜。中文版首度正版引进，根据作者全新修订的完整版翻译。纪念“二战”胜利70周年，世界文坛高水准的感人作品。台版译名《*后一个证人》',3),(159,'清单人生','弗雷德里克·巴克曼',32.3,'霍思燕微博推荐，人生有一种艰难，是舍弃无比熟悉的生活，重新开始。',3),(160,'译文经典：香水','帕·聚斯金德',25.2,'',3),(161,'生死场','萧红',18.1,'民国四大才女之一、“20世纪30年代的文学洛神”萧红，鲁迅欣赏的女作家。精美优雅的封面绘图，风格独树一帜，兼具美感和文艺性，更具收藏价值',3),(162,'且听风吟（精）','村上春树',27.6,'村上春树的处女作。',3),(163,'我不大冰2017新书','大冰',27.3,'百万级畅销书作者大冰2017年新书！用温暖的故事结一段小善缘，陪你微笑着对命运说：我不！',3),(164,'亦舒作品：我的前半生（精装典藏版）','亦舒',30.8,'靳东、马伊琍主演电视剧原著小说《我的前半生》作者亦舒作品。华语世界独具影响力作家亦舒知名代表作。亦舒指定授权，全新编校，唯美装帧。桐华、流潋紫、独木舟、陶立夏走心推荐。每一个成长中的女子都该读一读。',3),(165,'杜拉斯百年诞辰作品系列：情人','玛格丽特·杜拉斯',19.7,'',3),(166,'三岛由纪夫作品系列：禁色','三岛由纪夫',39.3,'',3),(167,'扶桑','严歌苓',30.8,'',3),(168,'亦舒作品：圆舞（精装典藏版）','亦舒',30.8,'靳东、马伊琍主演电视剧原著小说《我的前半生》作者亦舒作品。华语世界独具影响力作家亦舒知名代表作。亦舒指定授权，全新编校，唯美装帧。桐华、流潋紫、独木舟、陶立夏走心推荐。每一个成长中的女子都该读一读。',3),(169,'亦舒作品：人淡如菊（精装典藏版）','亦舒',30,'靳东、马伊琍主演电视剧原著小说《我的前半生》作者亦舒作品。华语世界独具影响力作家亦舒知名代表作。亦舒指定授权，全新编校，唯美装帧。桐华、流潋紫、独木舟、陶立夏走心推荐。每一个成长中的女子都该读一读。',3),(170,'你要像喜欢甜一样喜欢苦','斯蒂芬妮·丹勒',30.2,'图书文娱年中购物节自营图书每满150减50立即抢购',3),(171,'严歌苓经典文集：小姨多鹤','严歌苓',21.8,'严歌苓经典文集',3),(172,'严歌苓经典文集：一个女人的史诗','严歌苓',21.8,'严歌苓 一个女人的史诗',3),(173,'挪威的森林（30周年纪念版）','村上春树',29.9,'村上春树影响几代读者的畅销名作。离乡背井的大学生在两个少女间的徘徊。彻头彻尾的现实笔法，特有的感伤和孤独气氛，回顾逝去的风景。',3),(174,'芒果街上的小屋（中英文对照）','桑德拉·希斯内罗丝',22.1,'一部令人深深感动的小说，轻灵但深刻，像美丽的诗，没有一个赘词，开启了一扇心窗。',3),(175,'亦舒作品：玫瑰的故事（精装典藏版）','亦舒',31.4,'靳东、马伊琍主演电视剧原著小说《我的前半生》作者亦舒作品。华语世界独具影响力作家亦舒知名代表作。亦舒指定授权，全新编校，唯美装帧。桐华、流潋紫、独木舟、陶立夏走心推荐。每一个成长中的女子都该读一读。',3),(176,'春宴','安妮宝贝',23.5,'历经五年酝酿，专注情欲/灵魂/生命之书',3),(177,'欲乐园','渡边淳一',33,'渡边淳一“乐园三部曲”收官之作  遗作《欲乐园》中国首度震撼上市！',3),(178,'米兰·昆德拉作品全新系列：不能承受的生命之轻（2014版）','米兰·昆德拉',36.2,'米兰·昆德拉负有盛名的作品，累计销售百万册！',3),(179,'舞男（严歌苓作品）','严歌苓',25.4,'一场穿越在豪奢的上流社会和无望的底层之间的三角爱恋，洞烛世间幽微而不可捉摸的人性',3),(180,'人人心里住了一个不可能的人','宋小君',24,'图书文娱年中购物节自营图书每满150减50立即抢购',3),(181,'金庸作品集套装（朗声旧版套装全36册）','金庸',655.7,'经典旧版，版本流通久、销量大、金迷熟悉的版本，其中《白马啸西风》、《鸳鸯刀》收录于《雪山飞狐》中，《越女剑》、《卅三剑客图》收录于《侠客行》。',4),(182,'金庸作品集射雕英雄传（朗声旧版套装05-08册）','金庸',75.9,'',4),(183,'(朗声旧版)金庸作品集(21－25)－天龙八部(全五册)','金庸',104.3,'经典旧版，流通久、销量大、金迷熟悉的版本。05年入选人民教育出版社出版的全日制普通高级中学语文读本',4),(184,'(朗声旧版)金庸作品集(09－12)－神雕侠侣(套装全四册)','金庸',77.7,'经典旧版，流通久、销量大、金迷熟悉的版本。香港科技大学校长陈繁昌推荐阅读，“射雕三部曲”之一，“射雕三部曲”包括《射雕》、《神雕》、《倚天》',4),(185,'(朗声旧版)金庸作品集(28－31)－笑傲江湖(全四册)','金庸',87.4,'版本流通久，销量大，金迷熟悉的版本',4),(186,'(朗声旧版)金庸作品集(16－19)－倚天屠龙记(全四册)','金庸',83.7,'经典旧版，流通久、销量大、金迷熟悉的版本。“射雕三部曲”之一，“射雕三部曲”包括《射雕》、《神雕》、《倚天》',4),(187,'刀背藏身：徐皓峰武侠短篇集（新旧版本，随机发货）','徐皓峰',27.5,'电影《一代宗师》编剧 徐皓峰 十年武侠短篇创作集结冷兵器 枯山水 荣获《人民文学》杂志短篇小说金奖',4),(188,'(朗声插画版)古龙精品集－楚留香传奇(套装全三册)','古龙',61.4,'盗帅夜留香，威名震八方',4),(189,'射雕英雄传（漫画套装1-19册）','金庸',419,'漫画版的武侠小说，不一样的视觉呈现，与小说原著同样精彩',4),(190,'金庸作品集(13)雪山飞狐（朗声旧版全一册）（附鸳鸯刀、白马啸西风）','金庸',20.5,'本书附《白马啸西风》、《鸳鸯刀》，经典旧版完美呈现，流通久、销量大、金迷熟悉的版本',4),(191,'朗声新修版金庸作品集05－08：射雕英雄传（套装全4册）','金庸',85.3,'',4),(192,'四大名捕逆水寒（套装3册）','温瑞安',66.8,'武侠巨匠温瑞安经典名著',4),(193,'(朗声旧版)金庸作品集(26－27)：侠客行(套装全二册)','金庸',41.8,'呈现经典旧版，流通久、销量大、金迷熟悉的版本',4),(194,'(朗声旧版)金庸作品集(01－02)：书剑恩仇录(套装全二册)','金庸',43.4,'呈现经典旧版，流通久、销量大、金迷熟悉的版本',4),(195,'道士下山（癸巳年修订本）','徐皓峰',28.4,'一部依据武林掌故和前人口传勾画的民国武林秘史。香港电影金像奖得主徐皓峰武侠小说成名作',4),(196,'(朗声旧版)金庸作品集(03－04)：碧血剑(套装全二册)','金庸',43.4,'呈现经典旧版，流通久、销量大、金迷熟悉的版本',4),(197,'(朗声新修版)金庸作品集(21－25)－天龙八部(全五册)','金庸',109,'05年入选人民教育出版社出版的全日制普通高级中学语文读本，金庸先生修订本，全新设计包装',4),(198,'(朗声旧版)金庸作品集(32－36)－鹿鼎记(全五册)','金庸',110.1,'经典旧版，流通久、销量大、金迷熟悉的版本。金庸的封笔之作，篇幅长，风格独特的作品',4),(199,'(朗声新修版)金庸作品集(32－36)－鹿鼎记(套装全五册)','金庸',108.9,'金庸的封笔之作，篇幅长，风格独特的作品',4),(200,'古龙文集·楚留香新传（套装共4册）','古龙',97.2,'图书文娱年中购物节自营图书每满150减50立即抢购',4),(201,'四大名捕大对决（套装2册）','温瑞安',44.3,'武侠巨匠温瑞安经典名著',4),(202,'(朗声新修版)金庸作品集(09－12)－神雕侠侣(全四册)','金庸',85.3,'香港科技大学校长陈繁昌推荐阅读，此为“射雕三部曲”之一，“射雕三部曲”包括《射雕》、《神雕》、《倚天》',4),(203,'(朗声新修版)金庸作品集(28－31)－笑傲江湖(套装全四册)','金庸',85.3,'全新设计包装，金庸先生新修定本',4),(204,'四大名捕会京师（套装全2卷）','温瑞安',44.3,'武侠巨匠温瑞安经典名著',4),(205,'新修彩图精装版金庸作品集05－08：射雕英雄传（套装全4册）','金庸',140.6,'',4),(206,'(朗声插画版)古龙精品集－大旗英雄传(套装全三册）','古龙',59.9,'江湖神话，古龙遗作，铁血铸大旗，龙吟气冲霄',4),(207,'(朗声旧版)金庸作品集(14－15)：飞狐外传(套装全二册)','金庸',44,'版本流通久，销量大，金迷熟悉的版本',4),(208,'蜀山剑侠传（全本含《后传》及《峨眉七矮》套装全10册）','还珠楼主',321.9,'被誉为“天下奇书”的武侠小说经典，南怀瑾、白先勇、梁羽生、金庸、古龙、倪匡、黄易、温瑞安等大家联袂倾心推荐！',4),(209,'(朗声新修版)金庸作品集(16－19)－倚天屠龙记(套装全四册)','金庸',88.5,'“射雕三部曲”之一，“射雕三部曲”包括《射雕》、《神雕》、《倚天》',4),(210,'(朗声插画版)古龙精品集－浣花洗剑录(套装全三册)','古龙',57.5,'',4),(211,'千古文人侠客梦(增订本)','陈平原',29.4,'',4),(212,'(朗声名家插画版)梁羽生作品集_冰河洗剑录(25_27)(全三册)','梁羽生',53.6,'《云海玉弓缘》的前集，属于梁羽生天山系列图书之一，特别收录图书插画大师、岭南画派名家卢延光、蒙复旦等手绘插画近千幅，弥补大陆梁羽生武侠小说无插画之憾，具有收藏和阅读价值',4),(213,'(朗声名家插画版)梁羽生作品集_七剑下天山(03_04)(全二册)','梁羽生',40.2,'天山系列图书之一，游龙一出，万剑臣服，特别收录图书插画大师、岭南画派名家卢延光、蒙复旦等手绘插画近千幅，弥补大陆梁羽生武侠小说无插画之憾，具有收藏和阅读价值',4),(214,'朗声新修版金庸作品集套装（套装全36册）','金庸',793.7,'全新设计包装，金庸先生新修定本，其中《白马啸西风》、《鸳鸯刀》收录于《雪山飞狐》中，《越女剑》、《卅三剑客图》收录于《侠客行》。',4),(215,'(朗声名家插画版)梁羽生作品集_冰川天女传(11_13)(全三册)','梁羽生',51.3,'特别收录图书插画大师、岭南画派名家卢延光、蒙复旦等手绘插画近千幅，弥补大陆梁羽生武侠小说无插画之憾，具有收藏和阅读价值',4),(216,'(朗声名家插画版)梁羽生作品集_大唐游侠传(23_24)(全二册)','梁羽生',38.6,'特别收录图书插画大师、岭南画派名家卢延光、蒙复旦等手绘插画近千幅，弥补大陆梁羽生武侠小说无插画之憾，具有收藏和阅读价值',4),(217,'(朗声名家插画版)梁羽生作品集_云海玉弓缘(20_22)(全三册)','梁羽生',51.5,'特别收录图书插画大师、岭南画派名家卢延光、蒙复旦等手绘插画近千幅，弥补大陆梁羽生武侠小说无插画之憾，具有收藏和阅读价值',4),(218,'梁羽生作品集套装（套装全73册朗声名家插画版）','梁羽生',1471,'特别收录图书插画大师、岭南画派名家卢延光、蒙复旦等手绘插画近千幅，弥补大陆梁羽生武侠小说无插画之憾，具有收藏和阅读价值',4),(219,'四大名捕斗将军：少年冷血（套装共2册）','温瑞安',44.3,'武侠巨匠温瑞安经典名著',4),(220,'(朗声名家插画版)梁羽生作品集_牧野流星(56_58)(全三册)','梁羽生',67.7,'特别收录图书插画大师、岭南画派名家卢延光、蒙复旦等手绘插画近千幅，弥补大陆梁羽生武侠小说无插画之憾，具有收藏和阅读价值',4),(221,'(朗声名家插画版)梁羽生作品集_侠骨丹心(40_41)(全二册)','梁羽生',48,'特别收录图书插画大师、岭南画派名家卢延光、蒙复旦等手绘插画近千幅，弥补大陆梁羽生武侠小说无插画之憾，具有收藏和阅读价值',4),(222,'(朗声旧版)金庸作品集（20）－连诚诀(全一册)','金庸',22.9,'经典旧版完美呈现，流通久、销量大、金迷熟悉的版本',4),(223,'(朗声名家插画版)梁羽生作品集_风云雷电(53_55)(全三册)','梁羽生',63.8,'特别收录图书插画大师、岭南画派名家卢延光、蒙复旦等手绘插画近千幅，弥补大陆梁羽生武侠小说无插画之憾，具有收藏和阅读价值',4),(224,'(朗声插画版)古龙精品集－情人箭(套装全三册)','古龙',57.5,'',4),(225,'(朗声名家插画版)梁羽生作品集_游剑江湖(50_52)(全三册)','梁羽生',69.3,'特别收录图书插画大师、岭南画派名家卢延光、蒙复旦等手绘插画近千幅，弥补大陆梁羽生武侠小说无插画之憾，具有收藏和阅读价值',4),(226,'(朗声名家插画版)梁羽生作品集_慧剑心魔(38_39)(全二册)','梁羽生',44.9,'特别收录图书插画大师、岭南画派名家卢延光、蒙复旦等手绘插画近千幅，弥补大陆梁羽生武侠小说无插画之憾，具有收藏和阅读价值',4),(227,'（新修彩图精装版）金庸作品集(16-19)-倚天屠龙记(套装全四册)','金庸',131.9,'收录金庸先生私人珍藏印章、手稿，彩图插画贯穿全书，让你大饱眼福',4),(228,'剑圣宫本武藏·第二辑(套装共3册)','吉川英治',83.2,'全3册 日本一代剑圣的不朽传奇 《德川家康》译者王维幸译本，无删节出版',4),(229,'(朗声新修版)金庸作品集(20)－连城诀','金庸',20.5,'全新设计包装，金庸先生新修定本',4),(230,'天山系列：梁羽生精品集：七剑下天山（套装全二册）','梁羽生',75.6,'梁羽生精品集、经典武侠',4),(231,'四大名捕战天王：风流（套装2册）','温瑞安',44.3,'图书文娱年中购物节自营图书每满150减50立即抢购',4),(232,'(朗声新修版)金庸作品集(03－04)－碧血剑(全二册)','金庸',41.7,'全新设计包装，金庸先生新定本',4),(233,'(朗声名家插画版)梁羽生作品集_女帝奇英传(16_17)(全二册)','梁羽生',33,'特别收录图书插画大师、岭南画派名家卢延光、蒙复旦等手绘插画近千幅，弥补大陆梁羽生武侠小说无插画之憾，具有收藏和阅读价值',4),(234,'(朗声插画版)古龙精品集－湘妃剑(套装全二册)','古龙',33.9,'',4),(235,'天山系列：梁羽生精品集（套装共5册）','梁羽生',437.9,'热血的武侠江湖，缠绵的爱恨痴缠！追思“一代宗师”梁羽生，“天山系列”精品集！',4),(236,'四大名捕震关东（全1卷全新修订版）','温瑞安',21,'图书文娱年中购物节自营图书每满150减50立即抢购',4),(237,'(朗声名家插画版)梁羽生作品集_龙凤宝钗缘(28_29)(全二册)','梁羽生',46.5,'收录插画大师、岭南画派名家卢延光、蒙复旦等手绘插画近千幅，弥补大陆梁羽生武侠小说无插画之憾，具有收藏和阅读价值（本书归属于梁羽生的“大唐系列”之一，《大唐游侠传》，《龙凤宝钗缘》，《慧剑心魔》)',4),(238,'(朗声名家插画版)梁羽生作品集_联剑风云录(18_19)(全二册)','梁羽生',41.7,'《云海玉弓缘》《白发魔女传》等天山系列图书之一，特别收录图书插画大师、岭南画派名家卢延光、蒙复旦等手绘插画近千幅，弥补大陆梁羽生武侠小说无插画之憾，具有收藏和阅读价值',4),(239,'(朗声新修版)金庸作品集(26－27)－侠客行(套装全二册)（附越女剑、卅三剑客图）','金庸',41.7,'全新设计包装，金庸先生新定本',4),(240,'金庸作品集(13)雪山飞狐（朗声新修版全一册）（附鸳鸯刀、白马啸西风）','金庸',20.5,'本书附《白马啸西风》、《鸳鸯刀》，全新设计包装，金庸先生新修定本',4),(241,'中国科幻基石丛书·三体（套装1-3册）','刘慈欣',62.8,'  亚洲首位雨果奖得主 十届银河奖得主 中国科幻大师巨作 万千科幻迷翘首以待，获2015科幻文坛荣誉“雨果奖”',5),(242,'银河帝国：基地七部曲（新版套装共7册）','艾萨克·阿西莫夫',197.5,'图书文娱年中购物节自营图书每满150减50立即抢购',5),(243,'中国科幻基石丛书·三体（1）/中国科幻银河奖特别获奖作品','刘慈欣',15.2,'第十八届银河奖特别奖 亚洲雨果奖得主 雨果奖获奖作品 中国科幻大师巨作 万千科幻迷翘首以待，获2015科幻文坛荣誉“雨果奖”',5),(244,'中国科幻基石丛书·三体（2）黑暗森林','刘慈欣',21.2,'亚洲雨果奖得主 十届银河奖得主 国内超好的科幻作品！',5),(245,'中国科幻基石丛书·三体（3）：死神永生','刘慈欣',25.2,' 亚洲首位雨果奖得主  第二十二届银河奖特别奖 2017年世界雨果奖提名作品',5),(246,'中国科幻基石丛书·刘慈欣科幻经典：三体全集+超新星纪元+球状闪电（套装共5册）','刘慈欣',78.2,'亚洲首位雨果奖得主 十届银河奖得主  中国科幻大师巨作 万千科幻迷翘首以待，获2015科幻文坛荣誉“雨果奖”',5),(247,'中国科幻基石丛书·刘慈欣地球往事三部曲（套装全三册）（又名：三体三部曲）','刘慈欣',100.8,'  亚洲首位雨果奖得主 十届银河奖得主 中国科幻大师巨作 万千科幻迷翘首以待，获2015科幻文坛荣誉“雨果奖”',5),(248,'银河帝国：机器人五部曲（新版）（套装共5册）','艾萨克·阿西莫夫',136,'图书文娱年中购物节自营图书每满150减50立即抢购',5),(249,'沙丘',' 弗兰克.赫伯特',50.6,'图书文娱年中购物节自营图书每满150减50立即抢购',5),(250,'银河帝国：帝国三部曲（新版套装共3册）','艾萨克·阿西莫夫',74.9,'图书文娱年中购物节自营图书每满150减50立即抢购',5),(251,'孤独深处（本书收录郝景芳2016年雨果奖获奖作品《北京折叠》）','郝景芳',18.8,'图书文娱年中购物节自营图书每满150减50立即抢购',5),(252,'阿西莫夫：机器人短篇全集','艾萨克·阿西莫夫',34.3,'图书文娱年中购物节自营图书每满150减50立即抢购',5),(253,'银河帝国：基地（新版）','艾萨克·阿西莫夫',24.8,'图书文娱年中购物节自营图书每满150减50立即抢购',5),(254,'阿西莫夫：永恒的终结','艾萨克·阿西莫夫',19.9,'图书文娱年中购物节自营图书每满150减50立即抢购',5),(255,'流浪苍穹（2016雨果奖得主郝景芳作品）','郝景芳',25.5,'图书文娱年中购物节自营图书每满150减50立即抢购',5),(256,'去远方（2016雨果奖得主郝景芳作品）','郝景芳',22.5,'图书文娱年中购物节自营图书每满150减50立即抢购',5),(257,'阿西莫夫：神们自己','艾萨克·阿西莫夫',29,'图书文娱年中购物节自营图书每满150减50立即抢购',5),(258,'魔兽世界官方小说（套装共6册）','克里斯蒂·高登',141,'六部《魔兽世界》小说中文版，套装臻品一次收藏。',5),(259,'遗落的南境三部曲（星云奖最佳长篇小说，电影《湮灭》原著小说）','杰夫·范德米尔',63.7,'派拉蒙烧脑神片《湮灭》，2018.4.13登陆中国大银幕！奥斯卡影后娜塔莉·波特曼出演神秘女主，烧脑神剧，细思恐极脑洞多到吓人！',5),(260,'银河英雄传说(套装共10册)','田中芳树',315,'全十册华丽全新收藏版，跨越星辰大海的英雄史诗，令千万读者痴迷的经典巨著',5),(261,'魔兽世界：伊利丹','威廉',31.7,'图书文娱年中购物节自营图书每满150减50立即抢购',5),(262,'努门诺尔与中洲之未完的传说','J.R.R. 托尔金',70.1,'世纪文景出版。奇幻经典，《精灵宝钻》《霍比特人》《魔戒》没能说尽的故事，无数戒迷翘首企盼36年，首次译为中文出版。',5),(263,'克苏鲁神话','H.P·洛夫克拉夫特',46.9,'克苏鲁爱好者人手必备的口碑作，30万册突破！想知道大家说的“克苏鲁”是什么，就从这本开始！精美装帧，良心译文，入坑必选，收藏必备。',5),(264,'安德的游戏三部曲（全新典藏版）','奥森·斯科特·卡德',99.6,'科幻小说史上不朽的经典，全新典藏黑盒版，附赠《战斗学校新手指南》',5),(265,'中国科幻基石丛书：三体（典藏版）','刘慈欣',18.5,'亚洲首位雨果奖得主  银河奖特别奖 第十八届银河奖特别奖  十届银河奖得主',5),(266,'新海诚：星之声爱的絮语·穿越星际','加纳新太',24.7,'图书文娱年中购物节自营图书每满150减50立即抢购',5),(267,'刺客信条（畅销纪念套装全8册）','奥利弗·波登',228.8,'',5),(268,'译林幻系列：你一生的故事','特德·姜',29.9,'改编电影《降临》获2017年第89届奥斯卡音效剪辑奖',5),(269,'刘慈欣科幻短篇小说集1：带上她的眼睛','刘慈欣',22.3,'入选语文7年级下（人教版）教材        亚洲首位雨果奖得主 十届银河奖得主 《刘慈欣科幻短篇小说集》以时间为线，收录了刘慈新发表处女作以来创作的短篇科幻小说，超级完整全面的版本！',5),(270,'神的九十亿个名字','阿瑟·克拉克',20.6,'图书文娱年中购物节自营图书每满150减50立即抢购',5),(271,'中国科幻基石丛书：天父地母【首届京东文学奖-年度科幻图书获奖作品】','王晋康',28.7,'京东好书奖获奖作品 银河奖、华语星云奖得主',5),(272,'重启人（套装共2册）','艾米·亭特拉',47.4,'',5),(273,'安德的游戏（全新典藏版）','奥森·斯科特·卡德',29.9,'世界上几乎任何一家书店的书架上，你都能找到《安德的游戏》。世界末日倒计时纪念版，全新上市',5),(274,'三体全集全套1-3册刘慈欣三体1+三体2黑暗森林+三体3死神永生','姚海军',45.5,'现货包邮！  获2015科幻文坛荣誉“雨果奖” 中国科幻大师巨作  三体 纪念版',5),(275,'银河系搭车客指南系列（精装五部曲典藏版）','道格拉斯·亚当斯',147.5,'道格拉斯·亚当斯科幻经典银河系搭车客指南系列套装！英式喜剧，全球销量1500万册，GEEK必读！',5),(276,'来自新世界（套装上下册）','贵志祐介',69.3,'鬼才作家贵志祐介反乌托邦作品，“恶意毕现”的奇幻恐怖小说“神作”，同名动画片原著',5),(277,'魔兽世界·巨龙的黎明','理查德·A·纳克',27,'超人气网游神作《魔兽世界》“龙族系列”官方小说，中文版面世！',5),(278,'重启人','艾米·亭特拉',22.5,'畅销欧美十几个国家，口碑媲美《饥饿游戏》《分歧者》，不输《摆渡人》《偷影子的人》的人性救赎之作。如果明天太阳照常升起，那么希望将永不会死去。',5),(279,'银河系搭车客指南','道格拉斯·亚当斯',20.5,'',5),(280,'2018','刘慈欣',17.2,'图书文娱年中购物节自营图书每满150减50立即抢购',5),(281,'时间移民入选2014中国好书','刘慈欣',20.5,'图书文娱年中购物节自营图书每满150减50立即抢购',5),(282,'刘慈欣作品系列：信使、蝴蝶、镜子（套装共3册）','刘慈欣',61.3,'读刘慈欣作品套装，京东专享精致金属书签！',5),(283,'神经漫游者','威廉·吉布森',23.8,'图书文娱年中购物节自营图书每满150减50立即抢购',5),(284,'遗落的南境1湮灭','杰夫·范德米尔',18.7,'击败《三体》获美国科幻星云奖，刘慈欣惊叹推荐！美国年度好书！美国星云奖、轨迹奖、奇幻奖、英伦科幻奖四大奖获得者杰夫·范德米尔作品！《冰与火之歌》译者胡绍晏 翻译！派拉蒙投拍科幻大片，奥斯卡影后娜塔莉·波特曼预计出演神秘女主角！',5),(285,'遗落的南境3接纳','杰夫范德米尔',24,'斯蒂芬·金、刘慈欣、郑 重、王侃瑜诚恳推荐！《冰与火之歌》译者、科幻作家胡绍晏翻译！另类叙事，令人错愕的结局！派拉蒙科幻大片2017年5月上映，娜塔莉·波特曼出演女主角！',5),(286,'遗落的南境2当权者','杰夫范德米尔',24,'“新怪谭”大神杰夫?范德米尔再造迷局！斯蒂芬?金、刘慈欣、郑 重、王侃瑜诚恳推荐！《冰与火之歌》译者胡绍晏翻译！派拉蒙科幻大片2017年5月上映，娜塔莉?波特曼出演女主角！',5),(287,'三体全集(刘慈欣签章典藏版)','刘慈欣',67,'现货包邮~新华书店正版保障，70%城市次日达',5),(288,'火星救援','安迪·威尔',28.3,'好莱坞年度大片《火星救援》原著小说，《纽约时报》畅销书榜之作',5),(289,'中国科幻基石丛书：三体2黑暗森林（典藏版）','刘慈欣',29.9,'亚洲首位雨果奖得主 十届银河奖得主',5),(290,'克苏鲁神话（套装共2册）','霍华德·菲利普·洛夫克拉夫特',50.6,'10万爱手艺迷ORZ优选版本，忠实演绎克苏鲁黑暗传奇，《魔兽世界》上古之神的原型，游戏《血源诅咒》《机神咆哮》《失落之地》《斩魔大圣》《封印》《上古卷轴》的文化根源',5),(291,'世界科幻大师丛书：天渊','弗诺·文奇',49.7,'雨果奖获奖作品',5),(292,'流浪地球','刘慈欣',27.4,'流浪地球（刘慈欣2016年重磅作品，正版授权。人类科幻史上极具代表性的作品，绽放“中国想象力”。）',5),(293,'刺客信条：大革命','奥利弗·波登',30.3,'',5),(294,'中国科幻基石丛书：三体Ⅲ死神永生（典藏版）','刘慈欣',34.2,'亚洲首位雨果奖得主   第二十二届银河奖特别奖',5),(295,'刺客信条：秘密圣战（附明信片+书签）','奥利弗·波登',29,'动作冒险类游戏，指定授权官方小说中文版第二册强势登陆。百万玩家必购收藏',5),(296,'死者代言人（全新典藏版）','奥森·斯科特·卡德',33.6,'科幻小说史三冠之作，全新典藏版。当人类被猪仔杀害，法律要求我们无所作为，一次两次……你该如何面对？',5),(297,'中国科幻基石丛书：天年','何夕',22.5,'二十七届银河奖蕞佳长篇小说奖 16次科幻银河奖得主  刘慈欣、王晋康鼎力推荐，天王级科幻作家何夕首部长篇巨著！',5),(298,'凡尔纳科幻小说系列全集海底两万里地心游记等永久珍藏版全译本无删减套装16册世界名著','儒勒.凡尔纳',92,'这不止是一部小说！更是一部关于探险的百科全书~加价9.9元任选热销文学名著1本哦~点此选购',5),(299,'刺客信条黑旗','奥利弗·波登',28.5,'揭秘爱德华·肯威的传奇一生',5),(300,'刺客信条：兄弟会','奥利弗·波登',30.1,'',5),(301,'东野圭吾：沉睡的人鱼之家','东野圭吾',28.4,'《解忧杂货店》之后，东野圭吾又一部慰藉人心之作。 如果推理小说一定要有死亡，这本书所触及的或许就是残忍又令人绝望的一种情境。',6),(302,'魔兽世界编年史：第二卷',' 克里斯·梅森',144,'详实的背景，精彩的故事，揭秘史上网游创造奇迹的玄机！《魔兽世界》官方编年史第二卷来了！',6),(303,'魔兽世界编年史：第一卷','克里斯·梅森',133.5,'揭秘史上网游创造的玄机，了解《魔兽世界》详实的背景故事！二十年的等待，官方编年史终于来了！',6),(304,'美国众神：十周年作者修订版','尼尔·盖曼',43.6,'图书文娱年中购物节自营图书每满150减50立即抢购',6),(305,'地海传奇六部曲（套装共6册）','厄休拉·勒古恩',133.7,'图书文娱年中购物节自营图书每满150减50立即抢购',6),(306,'江南：九州缥缈录（套装共6册）','江南',132,'江南幻想史诗巨著，经典十年热血重铸。内含画卷《干戈》',6),(307,'冰与火之歌的世界','乔治.R.R.马丁',176.7,'乔治.马丁钦定，必备知识典籍。细致描写冰与火之歌的背景和历史人物，分世界历史、坦格利安王朝史、维斯特洛七大王国和七大王国之外。340页精装大开本，160幅以上的全彩精美插图！',6),(308,'悟空传（典藏纪念版）','今何在',28.7,'畅销十五年华语奇幻经典，同名电影燃情巨献，郭子健执导，彭于晏、倪妮、余文乐、欧豪、郑爽、俞飞鸿倾情出演。全新装帧设计，新增本书经典场景手绘彩插。随书附赠电影主创演员签名寄语海报+电影拍摄记录手册。',6),(309,'精灵宝钻（精装插图本）','J.R.R. 托尔金',62.2,'《霍比特人》《魔戒》重磅前传，中洲世界创世神话，16幅全彩插图，译文全新修订，新增托尔金揭秘创作历程长文。',6),(310,'冰与火之歌卷1权力的游戏（套装1-3册)','乔治R.R马丁',82.8,'九大家族的权力斗争史诗，美国“国宝级”作家乔治R.R马丁赐予的重磅成人奇幻。',6),(311,'魔兽世界·萨尔：巨龙的黄昏','克里斯蒂·高登',21.3,'人气网游《魔兽世界》资料篇“大地的裂变”官方小说，中文版面世。随书赠送15元网易暴雪周边商城超值折扣券。',6),(312,'魔兽世界·吉安娜：战争之潮','克里斯蒂·高登',21.3,'网游《魔兽世界》官方小说！光盘随机赠送1万张',6),(313,'魔兽世界：战争罪行','克里斯蒂·高登',26.6,'衔接“熊猫人之迷”和即将上市的全新资料篇“德拉诺之王”的重磅官方小说。随书赠送15元网易暴雪周边商城超值折扣券。',6),(314,'魔兽世界·沃金：部落的暗影','迈克尔·A.斯塔克波尔',20.5,'《魔兽世界：熊猫人之谜》新官方小说，衔接5.3--5.4版本故事情节，震撼出版！',6),(315,'龙族3：黑月之潮（上）','江南',17.5,'世界上有一种生命，它的每一次死亡，都是为了归来。《知音漫客》周刊、《漫客小说绘》人气漫画&小说，千万读者热烈追捧！',6),(316,'冰与火之歌卷5：魔龙的狂舞（套装13～15册）','乔治R.R马丁',108.7,'奇幻世界九大家族的权力斗争史诗，美国“国宝级”作家乔治R.R马丁赐予的重磅成人奇幻。',6),(317,'冰与火之歌卷2：列王的纷争（套装4-6册）','乔治R.R马丁',87,'九大家族的权力斗争史诗，文学巨匠马丁赐予的重磅成人奇幻。',6),(318,'冰与火之歌卷4：群鸦的盛宴（套装10-12册）','乔治R.R马丁',87,' 美国“国宝级”作家乔治R.R马丁一生心血！ 九大家族的权力斗争史诗 让你欲罢不能的真实人性！',6),(319,'魔兽：电影官方小说（赠送京东特别定制电影角色海报）','克里斯蒂·高登',24,'2016年备受期待游戏改编电影——魔兽官方小说',6),(320,'冰与火之歌卷3：冰雨的风暴（套装7-9册）','乔治R·R马丁',107.3,' 美国“国宝级”作家乔治R.R马丁一生心血！ 九大家族的权力斗争史诗 让你欲罢不能的真实人性！',6),(321,'冰与火之歌：纪念版【卷五】魔龙的狂舞','乔治·R.R.马丁',114.2,'“冰与火之歌”纪念版，回馈十二年热爱！',6),(322,'冰与火之歌：纪念版【卷三】冰雨的风暴','乔治·R.R.马丁',114.6,'“冰与火之歌”纪念版，回馈十二年热爱！',6),(323,'冰与火之歌：纪念版【卷二】列王的纷争','乔治·R.R.马丁',90.6,'“冰与火之歌”纪念版，回馈十二年热爱！',6),(324,'冰与火之歌：纪念版【卷四】群鸦的盛宴','乔治·R.R.马丁',90.4,'“冰与火之歌”纪念版，回馈十二年热爱！',6),(325,'结爱：犀燃烛照（套装上下册）','施定柔',34.6,'黄景瑜、宋茜主演网剧《结爱·千岁大人的初恋》原著小说续篇，5月9日腾讯视频开启千年虐恋！狐族祭司与人类女孩的旷世恋曲，都市玄幻IP大热门，谱写沙澜大陆上的壮阔史诗，展现惊心动魄的超激战场面。',6),(326,'爵迹：永生之海','郭敬明',27.5,'郭敬明2016年全新《爵迹》，铅字电影激越上演。王爵与使徒，征战与杀伐，权力与斗争，阴谋与爱意……恢宏华美的场景、深刻激荡的故事，还有属于这些表象之下的，现实温暖的人性。',6),(327,'魔戒','J.R.R.托尔金',141,'世纪文景出品。献给未来的永恒经典，我们时代伟大的奇幻史诗。托尔金基金会指定全新纯正译本。平凡的我们能否战胜噬灭灵魂的魔戒？',6),(328,'爵迹：雾雪零尘','郭敬明',27.5,'郭敬明2016年全新《爵迹》，铅字电影激越上演。王爵与使徒，征战与杀伐，权力与斗争，阴谋与爱意……恢宏华美的场景、深刻激荡的故事，还有属于这些表象之下的，现实温暖的人性。',6),(329,'四海鲸骑（套装全2册）（马伯庸2017长篇航海探险小说，京东专享设定集明信卡16张）','马伯庸',58.2,'马伯庸2017全新力作！游走于历史与传说的边界，一段波澜壮阔的海上冒险之旅。 前途四海，骑鲸破浪！【京东定制：国内知名插画师徐超渊等绘制的设定集明信卡片16张或者马伯庸亲笔签名套装书（随机发放）】',6),(330,'猎魔人卷四：轻蔑时代','安德烈.斯帕克沃斯',26.7,'游戏《巫师》原著小说，奥巴马私藏的奇幻系列！      波兰国宝级大作再出新篇！',6),(331,'猎魔人1-6（套装6册）（新版）','安德烈.斯帕克沃斯基',203.6,'游戏《巫师》原著小说，波兰国宝*大作，奥巴马私藏的奇幻系列！',6),(332,'安珀志·下卷（6-10册）套装','罗杰·泽拉兹尼',130.2,'图书文娱年中购物节自营图书每满150减50立即抢购',6),(333,'冰与火之歌赠徽章版全集（1-5卷，附赠5个徽章）','乔治R.R马丁',454,'长时间霸占《纽约时报》畅销书排行榜的奇幻神书，被翻译成数十种文字，掀起全球性的“冰与火之歌”热潮',6),(334,'安珀志系列（套装全5册）','罗杰·泽拉兹尼',114.9,'图书文娱年中购物节自营图书每满150减50立即抢购',6),(335,'悟空传·手办限量版（京东专供）','今何在',122.8,'京东定制：限量珍藏纪念礼盒装（内含：悟空传典藏版+定制可活动悟空手办+专享电影主演人物属性卡（6张）+专享剧照手册+专享电影定制扑克牌+主演印签赠语海报（8张）+电影拍摄记录手册）',6),(336,'冰与火之歌：纪念版（套装共5册）新版','乔治·R.R.马丁',652.5,'“冰与火之歌”纪念版，回馈十二年热爱！',6),(337,'魔戒：插图本（套装共3册）','J.R.R.托尔金',117.3,'世纪文景出品。献给未来的永恒经典，我们时代伟大的奇幻史诗！奥斯卡桂冠艾伦?李恢弘彩图，托尔金基金会指定纯正译本，亲临中洲世界的黑暗与光明！亲切伴手全三册',6),(338,'暮光之城·豪华珍藏版（套装共4册）','斯蒂芬妮·梅尔',144.6,'',6),(339,'冰与火之歌文库本全集（套装1-5卷共15册）','乔治.R.R.马丁',222.7,'[mini]系列，精致登场 ！165*110随身带，让你一秒钟进入“冰与火的世界”！',6),(340,'地海传奇1：地海巫师','厄休拉·勒古恩',20.6,'图书文娱年中购物节自营图书每满150减50立即抢购',6),(341,'暗黑破坏神3：赫拉迪姆','纳特·凯尼恩',22.3,'暴雪娱乐官方直接授权 暗黑破坏神Ⅲ小说中文版登陆中国',6),(342,'暗黑破坏神3：圣光风暴','纳特·凯尼恩',22.8,'暗黑破坏神3官方小说全球同步上市 新资料片《夺魂之镰》陪伴读物',6),(343,'暮光之城系列（套装共4册）','斯蒂芬妮·梅尔',102.5,'',6),(344,'波多里诺（精装版）','翁贝托·埃科',43.3,'真伪莫辨的东方之旅构筑圣杯传说奇幻迷宫，鼎力寻绎模糊、真相和谎言本质的旷世奇书',6),(345,'阿斯图里亚斯系列作品：玉米人','米盖尔·安赫尔·阿斯图里亚斯',41,'阿斯图里亚斯：1967年诺贝尔文学奖得主；“拉美文学爆炸”奠基人；拉美“魔幻现实主义”流派的开创者。',6),(346,'冰与火之歌1：卷一权力的游戏（上）','乔治R·R·马丁',17.2,'宫廷争斗，劳勃北访；厮杀打破临冬城平静，艾德家族转入宫廷漩涡；HBO同名美剧狂暴上映！幻想世界九大家族的权力斗争史诗，文学巨匠马丁赐予的重磅成人奇幻。',6),(347,'冰与火之歌：官方地图集',' 乔治.R.R.马丁',275.3,'乔治.R.R.马丁联合乔纳森.罗伯茨精心打造。《冰与火之歌》细致、精美的全彩地图，用独特的视角，直观的感受，带我们遨游冰与火的世界。',6),(348,'克苏鲁神话系列套装（全2册）','H.P.洛夫克拉夫特',106.9,'赠送主题海报，漫长的等待终于结束，克苏鲁的狂欢再度降临！不可名状的黑暗深渊中的真相挑战你的San值。入坑必选，收藏必备。',6),(349,'黑色佣兵团（北境三部曲）','格伦·库克',61.3,'图书文娱年中购物节自营图书每满150减50立即抢购',6),(350,'守望先锋艺术设定集','暴雪娱乐',239.3,'风靡全球的现象级游戏《守望先锋》，全球玩家超三千万！暴雪官方授权，精装中文版艺术设定集全面上市！',6),(351,'择天记（套装1-8册）','猫腻',246.5,'鹿晗、古力娜扎领衔主演同名电视剧正在热播。猫腻原著小说，人气榜冠军，讲述少年陈长生十四岁逆天改命的崛起历程。北大教授邵燕君、著名编剧史航热烈推荐',6),(352,'苗疆蛊事（7-9）（套装共3本）','南无袈裟理科佛',98.8,'随机赠送京东定制版签名书签',6),(353,'火星崛起2：黄金之子','皮尔斯·布朗',43.2,'席卷30多个国家和地区的科幻巨作。千万读者都在热血澎湃、点灯熬夜读《火星崛起》！2015年美国年度科幻小说！同名电影即将开拍，环球影业出品。没有人能改变过去，但是强者可以写下未来。读客出品。',6),(354,'龙与地下铁','马伯庸',28,'“文字鬼才”马伯庸奇想之作，致：每一颗飞越天际的少年之心',6),(355,'冰与火之歌2：卷一权利的游戏（中）','乔治R.R马丁',18.6,'宫廷争斗，劳勃北访；厮杀打破临冬城平静，艾德家族转入宫廷漩涡；HBO同名美剧狂暴上映！幻想世界九大家族的权力斗争史诗，文学巨匠马丁赐予的重磅成人奇幻。',6),(356,'九州缥缈录1蛮荒（修订版）','江南',27.2,'',6),(357,'择天记（套装5-8册）','猫腻',123.2,'鹿晗、古力娜扎领衔主演同名电视剧正在热播。猫腻原著小说，人气榜冠军，讲述少年陈长生十四岁逆天改命的崛起历程。北大教授邵燕君、著名编剧史航热烈推荐',6),(358,'暮光之城：暮色','梅尔',21.3,'',6),(359,'苗疆蛊事（套装10-12册）','南无袈裟理科佛',97.7,'',6),(360,'驱魔【第二届京东文学奖-年度科幻图书获奖作品】','韩松',26.3,'未来病人简史——韩松科幻思想体系集大成之作',6),(361,'测试书籍','测试作者',3.14,'这是一本测试书',1);
/*!40000 ALTER TABLE `book_info` ENABLE KEYS */;
UNLOCK TABLES;

--
-- Table structure for table `category_info`
--

DROP TABLE IF EXISTS `category_info`;
/*!40101 SET @saved_cs_client     = @@character_set_client */;
/*!40101 SET character_set_client = utf8 */;
CREATE TABLE `category_info` (
  `category_id` int(10) NOT NULL AUTO_INCREMENT,
  `category_name` char(40) NOT NULL,
  PRIMARY KEY (`category_id`),
  UNIQUE KEY `category_name` (`category_name`)
) ENGINE=InnoDB AUTO_INCREMENT=7 DEFAULT CHARSET=utf8;
/*!40101 SET character_set_client = @saved_cs_client */;

--
-- Dumping data for table `category_info`
--

LOCK TABLES `category_info` WRITE;
/*!40000 ALTER TABLE `category_info` DISABLE KEYS */;
INSERT INTO `category_info` VALUES (1,'侦探悬疑推理'),(2,'历史'),(3,'情感家庭'),(4,'武侠'),(5,'科幻'),(6,'魔幻奇幻玄幻');
/*!40000 ALTER TABLE `category_info` ENABLE KEYS */;
UNLOCK TABLES;

--
-- Table structure for table `favor_books`
--

DROP TABLE IF EXISTS `favor_books`;
/*!40101 SET @saved_cs_client     = @@character_set_client */;
/*!40101 SET character_set_client = utf8 */;
CREATE TABLE `favor_books` (
  `user_id` int(10) NOT NULL,
  `book_id` int(10) NOT NULL,
  KEY `user_id` (`user_id`),
  KEY `book_id` (`book_id`),
  CONSTRAINT `favor_books_ibfk_1` FOREIGN KEY (`user_id`) REFERENCES `user_info` (`user_id`),
  CONSTRAINT `favor_books_ibfk_2` FOREIGN KEY (`book_id`) REFERENCES `book_info` (`book_id`)
) ENGINE=InnoDB DEFAULT CHARSET=utf8;
/*!40101 SET character_set_client = @saved_cs_client */;

--
-- Dumping data for table `favor_books`
--

LOCK TABLES `favor_books` WRITE;
/*!40000 ALTER TABLE `favor_books` DISABLE KEYS */;
INSERT INTO `favor_books` VALUES (2,48),(2,9),(2,8);
/*!40000 ALTER TABLE `favor_books` ENABLE KEYS */;
UNLOCK TABLES;

--
-- Table structure for table `user_info`
--

DROP TABLE IF EXISTS `user_info`;
/*!40101 SET @saved_cs_client     = @@character_set_client */;
/*!40101 SET character_set_client = utf8 */;
CREATE TABLE `user_info` (
  `user_id` int(10) NOT NULL AUTO_INCREMENT,
  `user_name` char(40) NOT NULL,
  `user_passwd` varchar(40) DEFAULT NULL,
  `user_privilege` int(10) NOT NULL,
  PRIMARY KEY (`user_id`),
  UNIQUE KEY `user_name` (`user_name`)
) ENGINE=InnoDB AUTO_INCREMENT=3 DEFAULT CHARSET=utf8;
/*!40101 SET character_set_client = @saved_cs_client */;

--
-- Dumping data for table `user_info`
--

LOCK TABLES `user_info` WRITE;
/*!40000 ALTER TABLE `user_info` DISABLE KEYS */;
INSERT INTO `user_info` VALUES (1,'admin','admin',1),(2,'tom','123',0);
/*!40000 ALTER TABLE `user_info` ENABLE KEYS */;
UNLOCK TABLES;
/*!40103 SET TIME_ZONE=@OLD_TIME_ZONE */;

/*!40101 SET SQL_MODE=@OLD_SQL_MODE */;
/*!40014 SET FOREIGN_KEY_CHECKS=@OLD_FOREIGN_KEY_CHECKS */;
/*!40014 SET UNIQUE_CHECKS=@OLD_UNIQUE_CHECKS */;
/*!40101 SET CHARACTER_SET_CLIENT=@OLD_CHARACTER_SET_CLIENT */;
/*!40101 SET CHARACTER_SET_RESULTS=@OLD_CHARACTER_SET_RESULTS */;
/*!40101 SET COLLATION_CONNECTION=@OLD_COLLATION_CONNECTION */;
/*!40111 SET SQL_NOTES=@OLD_SQL_NOTES */;

-- Dump completed on 2018-06-14 10:44:02
